{"display":{"thirdperson_righthand":{"rotation":[-180,-90,0],"translation":[-0.25,14.75,1.25],"scale":[1.75,1.45,2]},"thirdperson_lefthand":{"rotation":[-180,-90,0],"translation":[-0.25,14.75,1.25],"scale":[1.75,1.45,2]},"firstperson_righthand":{"rotation":[-146.75,-113,31],"translation":[-1.75,13,1.5],"scale":[1.4,1.4,1.85]},"firstperson_lefthand":{"rotation":[-146.75,-113,31],"translation":[-1.75,13,1.5],"scale":[1.4,1.4,1.85]},"ground":{"translation":[0,6.25,0],"scale":[1.5,1.2,1.75]},"gui":{"rotation":[0,-180,0],"translation":[0,-3,0],"scale":[1.05,0.65,1]},"head":{"rotation":[-32.25,-90,0],"translation":[7.5,-34,5.5],"scale":[1.75,1.45,2]},"fixed":{"translation":[0,-3.25,0],"scale":[0.8,0.8,0.8]}},"textures":{"0":"tusaworld:item/frostmourn/handle","1":"tusaworld:item/frostmourn/details","2":"tusaworld:item/frostmourn/blade","3":"tusaworld:item/frostmourn/blade2","particle":"tusaworld:item/frostmourn/handle"},"elements":[{"from":[7.6,23.1,7.6],"to":[8.4,24,8.4],"rotation":{"angle":0,"axis":"y","origin":[8,23.5,8]},"faces":{"north":{"uv":[0,0,1,2],"texture":"#0"},"east":{"uv":[5,0,6,2],"texture":"#0"},"south":{"uv":[1,0,2,2],"texture":"#0"},"west":{"uv":[1,0,2,2],"texture":"#0"},"up":{"uv":[0,0,1,1],"texture":"#0"},"down":{"uv":[1,1,2,2],"texture":"#0"}}},{"from":[7.65,18.2,7.65],"to":[8.35,23.1,8.35],"rotation":{"angle":0,"axis":"y","origin":[8,22.6,8]},"faces":{"north":{"uv":[6,0,7,7],"texture":"#0"},"east":{"uv":[6,0,7,7],"texture":"#0"},"south":{"uv":[6,0,7,7],"texture":"#0"},"west":{"uv":[6,0,7,7],"texture":"#0"}}},{"from":[7.7,24,7.7],"to":[8.3,24.2,8.3],"rotation":{"angle":0,"axis":"y","origin":[8,24.5,8]},"faces":{"north":{"uv":[0,2,1,2],"texture":"#0"},"east":{"uv":[1,0,2,0],"texture":"#0"},"south":{"uv":[0,0,0.6,0.2],"texture":"#0"},"west":{"uv":[4,0,5,0],"texture":"#0"},"up":{"uv":[3,0,4,1],"texture":"#0"}}},{"from":[7.6,22.6,7.6],"to":[8.4,22.9,8.4],"rotation":{"angle":0,"axis":"y","origin":[8,23.2,8]},"faces":{"north":{"uv":[1,0,2,0],"texture":"#0"},"east":{"uv":[1,1,2,1],"texture":"#0"},"south":{"uv":[2,1,3,1],"texture":"#0"},"west":{"uv":[1,1,2,1],"texture":"#0"},"up":{"uv":[1,0,2,1],"texture":"#0"},"down":{"uv":[0,0,0.8,0.8],"texture":"#0"}}},{"from":[7.6,20.1,7.6],"to":[8.4,20.4,8.4],"rotation":{"angle":0,"axis":"y","origin":[8,20.7,8]},"faces":{"north":{"uv":[0,0,0.8,0.3],"texture":"#0"},"east":{"uv":[0,0,0.8,0.3],"texture":"#0"},"south":{"uv":[1,0,2,0],"texture":"#0"},"west":{"uv":[3,0,4,0],"texture":"#0"},"up":{"uv":[0,0,0.8,0.8],"texture":"#0"},"down":{"uv":[1,1,2,2],"texture":"#0"}}},{"from":[7.6,18,7.6],"to":[8.4,18.2,8.4],"rotation":{"angle":0,"axis":"y","origin":[8,18.6,8]},"faces":{"north":{"uv":[1,2,2,2],"texture":"#1"},"east":{"uv":[1,2,2,2],"texture":"#1"},"south":{"uv":[1,2,2,2],"texture":"#1"},"west":{"uv":[1,2,2,2],"texture":"#1"},"up":{"uv":[0,2,1,2],"texture":"#1"}}},{"from":[7.2,16.8,7.5],"to":[8.8,18,8.5],"rotation":{"angle":0,"axis":"y","origin":[8,18,8]},"faces":{"north":{"uv":[0,0,0,0],"texture":"#0"},"east":{"uv":[0,2,2,4],"texture":"#0"},"south":{"uv":[0,2,3,4],"texture":"#0"},"west":{"uv":[0,2,2,4],"texture":"#0"},"up":{"uv":[0,2,3,4],"texture":"#0"},"down":{"uv":[0,2,3,4],"texture":"#0"}}},{"from":[7.2,16.1,7.85],"to":[8.8,16.8,8.15],"rotation":{"angle":0,"axis":"y","origin":[8,16.8,7.9]},"faces":{"north":{"uv":[0,6,4,8],"texture":"#2"},"east":{"uv":[2,5,3,7],"texture":"#2"},"south":{"uv":[2.28571,4.57143,13.71429,6.85714],"texture":"#3"},"west":{"uv":[2,4,3,6],"texture":"#2"}}},{"from":[8.85,15.2,8.1],"to":[9.05,16,8.2],"rotation":{"angle":0,"axis":"y","origin":[8.8,16.1,8]},"faces":{"north":{"uv":[3,3,4,6],"texture":"#2"},"east":{"uv":[0,3,1,6],"texture":"#2"},"south":{"uv":[1,2,2,5],"texture":"#2"},"west":{"uv":[3,3,4,6],"texture":"#2"},"up":{"uv":[2,5,3,6],"texture":"#2"},"down":{"uv":[1,3,2,4],"texture":"#2"}}},{"from":[9.05,15.1,8.1],"to":[9.3,16.05,8.2],"rotation":{"angle":0,"axis":"y","origin":[9.85,16.1,8]},"faces":{"north":{"uv":[2,3,3,6],"texture":"#2"},"east":{"uv":[0,6,1,9],"texture":"#2"},"south":{"uv":[1,2,2,5],"texture":"#2"},"west":{"uv":[2,3,3,6],"texture":"#2"},"up":{"uv":[1,7,2,8],"texture":"#2"},"down":{"uv":[0,9,1,10],"texture":"#2"}}},{"from":[9.3,15.15,8.1],"to":[9.55,16,8.2],"rotation":{"angle":0,"axis":"y","origin":[10.1,16.1,8]},"faces":{"north":{"uv":[3,3,4,6],"texture":"#2"},"east":{"uv":[0,3,1,6],"texture":"#2"},"south":{"uv":[1,2,2,5],"texture":"#2"},"west":{"uv":[3,3,4,6],"texture":"#2"},"up":{"uv":[2,5,3,6],"texture":"#2"},"down":{"uv":[1,3,2,4],"texture":"#2"}}},{"from":[9.55,15.2,8.1],"to":[9.8,15.9,8.2],"rotation":{"angle":0,"axis":"y","origin":[10.35,16,8]},"faces":{"north":{"uv":[3,3,4,6],"texture":"#2"},"east":{"uv":[0,3,1,6],"texture":"#2"},"south":{"uv":[1,2,2,5],"texture":"#2"},"west":{"uv":[3,3,4,6],"texture":"#2"},"up":{"uv":[2,5,3,6],"texture":"#2"},"down":{"uv":[1,3,2,4],"texture":"#2"}}},{"from":[9.8,15.25,8.1],"to":[10.05,15.85,8.2],"rotation":{"angle":0,"axis":"y","origin":[10.6,16,8]},"faces":{"north":{"uv":[3,3,4,6],"texture":"#2"},"east":{"uv":[0,3,1,6],"texture":"#2"},"south":{"uv":[1,2,2,5],"texture":"#2"},"west":{"uv":[3,3,4,6],"texture":"#2"},"up":{"uv":[2,5,3,6],"texture":"#2"},"down":{"uv":[1,3,2,4],"texture":"#2"}}},{"from":[10.05,15.15,8.1],"to":[10.3,15.75,8.2],"rotation":{"angle":0,"axis":"y","origin":[10.85,15.9,8]},"faces":{"north":{"uv":[2,3,3,6],"texture":"#2"},"east":{"uv":[0,6,1,9],"texture":"#2"},"south":{"uv":[1,2,2,5],"texture":"#2"},"west":{"uv":[2,3,3,6],"texture":"#2"},"up":{"uv":[1,7,2,8],"texture":"#2"},"down":{"uv":[0,9,1,10],"texture":"#2"}}},{"from":[10.3,15.05,8.1],"to":[10.55,15.55,8.2],"rotation":{"angle":0,"axis":"y","origin":[11.1,15.8,8]},"faces":{"north":{"uv":[3,3,4,6],"texture":"#2"},"east":{"uv":[0,3,1,6],"texture":"#2"},"south":{"uv":[1,2,2,5],"texture":"#2"},"west":{"uv":[3,3,4,6],"texture":"#2"},"up":{"uv":[2,5,3,6],"texture":"#2"},"down":{"uv":[1,3,2,4],"texture":"#2"}}},{"from":[10.55,14.95,8.1],"to":[10.7,15.45,8.2],"rotation":{"angle":0,"axis":"y","origin":[11.35,15.7,8]},"faces":{"north":{"uv":[2,3,3,6],"texture":"#2"},"east":{"uv":[0,6,1,9],"texture":"#2"},"south":{"uv":[1,2,2,5],"texture":"#2"},"west":{"uv":[2,3,3,6],"texture":"#2"},"up":{"uv":[1,7,2,8],"texture":"#2"},"down":{"uv":[0,9,1,10],"texture":"#2"}}},{"from":[10.7,14.85,8.1],"to":[10.75,15.35,8.2],"rotation":{"angle":0,"axis":"y","origin":[11.5,15.7,8]},"faces":{"north":{"uv":[2,3,3,6],"texture":"#2"},"east":{"uv":[0,6,1,9],"texture":"#2"},"south":{"uv":[1,2,2,5],"texture":"#2"},"west":{"uv":[2,3,3,6],"texture":"#2"},"up":{"uv":[1,7,2,8],"texture":"#2"},"down":{"uv":[0,9,1,10],"texture":"#2"}}},{"from":[8.85,15.1,7.9],"to":[9.05,16.1,8.1],"rotation":{"angle":0,"axis":"y","origin":[8.8,16.1,7.9]},"faces":{"north":{"uv":[1,1,2,4],"texture":"#2"},"east":{"uv":[0,1,1,4],"texture":"#2"},"south":{"uv":[1,1,2,4],"texture":"#2"},"west":{"uv":[0,1,1,4],"texture":"#2"},"up":{"uv":[1,1,1,1],"texture":"#2"},"down":{"uv":[1,3,1,3],"texture":"#2"}}},{"from":[9.05,15,7.9],"to":[9.3,16.15,8.1],"rotation":{"angle":0,"axis":"y","origin":[9.85,16.1,7.9]},"faces":{"north":{"uv":[1,1,2,4],"texture":"#2"},"east":{"uv":[0,1,1,4],"texture":"#2"},"south":{"uv":[1,1,2,4],"texture":"#2"},"west":{"uv":[0,1,1,4],"texture":"#2"},"up":{"uv":[1,1,1,1],"texture":"#2"},"down":{"uv":[1,3,1,3],"texture":"#2"}}},{"from":[9.3,15.05,7.9],"to":[9.55,16.1,8.1],"rotation":{"angle":0,"axis":"y","origin":[10.1,16.1,7.9]},"faces":{"north":{"uv":[1,1,2,4],"texture":"#2"},"east":{"uv":[0,1,1,4],"texture":"#2"},"south":{"uv":[1,1,2,4],"texture":"#2"},"west":{"uv":[0,1,1,4],"texture":"#2"},"up":{"uv":[1,1,1,1],"texture":"#2"},"down":{"uv":[1,3,1,3],"texture":"#2"}}},{"from":[9.55,15.1,7.9],"to":[9.8,16,8.1],"rotation":{"angle":0,"axis":"y","origin":[10.35,16,7.9]},"faces":{"north":{"uv":[1,1,2,4],"texture":"#2"},"east":{"uv":[0,1,1,4],"texture":"#2"},"south":{"uv":[1,1,2,4],"texture":"#2"},"west":{"uv":[0,1,1,4],"texture":"#2"},"up":{"uv":[1,1,1,1],"texture":"#2"},"down":{"uv":[1,3,1,3],"texture":"#2"}}},{"from":[9.8,15.15,7.9],"to":[10.05,15.95,8.1],"rotation":{"angle":0,"axis":"y","origin":[10.6,16,7.9]},"faces":{"north":{"uv":[1,1,2,4],"texture":"#2"},"east":{"uv":[0,1,1,4],"texture":"#2"},"south":{"uv":[1,1,2,4],"texture":"#2"},"west":{"uv":[0,1,1,4],"texture":"#2"},"up":{"uv":[1,1,1,1],"texture":"#2"},"down":{"uv":[1,3,1,3],"texture":"#2"}}},{"from":[10.05,15.05,7.9],"to":[10.3,15.85,8.1],"rotation":{"angle":0,"axis":"y","origin":[10.85,15.9,7.9]},"faces":{"north":{"uv":[1,1,2,4],"texture":"#2"},"east":{"uv":[0,1,1,4],"texture":"#2"},"south":{"uv":[1,1,2,4],"texture":"#2"},"west":{"uv":[0,1,1,4],"texture":"#2"},"up":{"uv":[1,1,1,1],"texture":"#2"},"down":{"uv":[1,3,1,3],"texture":"#2"}}},{"from":[10.3,14.95,7.9],"to":[10.55,15.65,8.1],"rotation":{"angle":0,"axis":"y","origin":[11.1,15.8,7.9]},"faces":{"north":{"uv":[1,1,2,4],"texture":"#2"},"east":{"uv":[0,1,1,4],"texture":"#2"},"south":{"uv":[1,1,2,4],"texture":"#2"},"west":{"uv":[0,1,1,4],"texture":"#2"},"up":{"uv":[1,1,1,1],"texture":"#2"},"down":{"uv":[1,3,1,3],"texture":"#2"}}},{"from":[10.7,14.75,7.9],"to":[10.85,15.45,8.1],"rotation":{"angle":0,"axis":"y","origin":[11.5,15.7,7.9]},"faces":{"north":{"uv":[1,1,2,4],"texture":"#2"},"east":{"uv":[0,1,1,4],"texture":"#2"},"south":{"uv":[1,1,2,4],"texture":"#2"},"west":{"uv":[0,1,1,4],"texture":"#2"},"up":{"uv":[1,1,1,1],"texture":"#2"},"down":{"uv":[1,3,1,3],"texture":"#2"}}},{"from":[10.55,14.85,7.9],"to":[10.7,15.55,8.1],"rotation":{"angle":0,"axis":"y","origin":[11.35,15.7,7.9]},"faces":{"north":{"uv":[1,1,2,4],"texture":"#2"},"east":{"uv":[0,1,1,4],"texture":"#2"},"south":{"uv":[1,1,2,4],"texture":"#2"},"west":{"uv":[0,1,1,4],"texture":"#2"},"up":{"uv":[1,1,1,1],"texture":"#2"},"down":{"uv":[1,3,1,3],"texture":"#2"}}},{"from":[10.7,14.85,7.8],"to":[10.75,15.35,7.9],"rotation":{"angle":0,"axis":"y","origin":[11.5,15.7,7.7]},"faces":{"north":{"uv":[0,0,1,3],"texture":"#2"},"east":{"uv":[1,2,2,5],"texture":"#2"},"south":{"uv":[3,2,4,5],"texture":"#2"},"west":{"uv":[2,3,3,6],"texture":"#2"},"up":{"uv":[2,1,3,2],"texture":"#2"},"down":{"uv":[2,1,3,2],"texture":"#2"}}},{"from":[10.3,15.05,7.8],"to":[10.55,15.55,7.9],"rotation":{"angle":0,"axis":"y","origin":[11.1,15.8,7.7]},"faces":{"north":{"uv":[0,0,1,3],"texture":"#2"},"east":{"uv":[1,2,2,5],"texture":"#2"},"south":{"uv":[3,2,4,5],"texture":"#2"},"west":{"uv":[2,3,3,6],"texture":"#2"},"up":{"uv":[2,1,3,2],"texture":"#2"},"down":{"uv":[2,1,3,2],"texture":"#2"}}},{"from":[10.55,14.95,7.8],"to":[10.7,15.45,7.9],"rotation":{"angle":0,"axis":"y","origin":[11.35,15.7,7.7]},"faces":{"north":{"uv":[0,0,1,3],"texture":"#2"},"east":{"uv":[1,2,2,5],"texture":"#2"},"south":{"uv":[3,2,4,5],"texture":"#2"},"west":{"uv":[2,3,3,6],"texture":"#2"},"up":{"uv":[2,1,3,2],"texture":"#2"},"down":{"uv":[2,1,3,2],"texture":"#2"}}},{"from":[10.05,15.15,7.8],"to":[10.3,15.75,7.9],"rotation":{"angle":0,"axis":"y","origin":[10.85,15.9,7.7]},"faces":{"north":{"uv":[3,3,4,6],"texture":"#2"},"east":{"uv":[0,3,1,6],"texture":"#2"},"south":{"uv":[1,2,2,5],"texture":"#2"},"west":{"uv":[3,3,4,6],"texture":"#2"},"up":{"uv":[2,5,3,6],"texture":"#2"},"down":{"uv":[1,3,2,4],"texture":"#2"}}},{"from":[9.8,15.25,7.8],"to":[10.05,15.85,7.9],"rotation":{"angle":0,"axis":"y","origin":[10.6,16,7.7]},"faces":{"north":{"uv":[3,3,4,6],"texture":"#2"},"east":{"uv":[0,3,1,6],"texture":"#2"},"south":{"uv":[1,2,2,5],"texture":"#2"},"west":{"uv":[3,3,4,6],"texture":"#2"},"up":{"uv":[2,5,3,6],"texture":"#2"},"down":{"uv":[1,3,2,4],"texture":"#2"}}},{"from":[9.55,15.2,7.8],"to":[9.8,15.9,7.9],"rotation":{"angle":0,"axis":"y","origin":[10.35,16,7.7]},"faces":{"north":{"uv":[0,0,1,3],"texture":"#2"},"east":{"uv":[1,2,2,5],"texture":"#2"},"south":{"uv":[3,2,4,5],"texture":"#2"},"west":{"uv":[2,3,3,6],"texture":"#2"},"up":{"uv":[2,1,3,2],"texture":"#2"},"down":{"uv":[2,1,3,2],"texture":"#2"}}},{"from":[9.3,15.15,7.8],"to":[9.55,16,7.9],"rotation":{"angle":0,"axis":"y","origin":[10.1,16.1,7.7]},"faces":{"north":{"uv":[3,3,4,6],"texture":"#2"},"east":{"uv":[0,3,1,6],"texture":"#2"},"south":{"uv":[1,2,2,5],"texture":"#2"},"west":{"uv":[3,3,4,6],"texture":"#2"},"up":{"uv":[2,5,3,6],"texture":"#2"},"down":{"uv":[1,3,2,4],"texture":"#2"}}},{"from":[9.05,15.1,7.8],"to":[9.3,16.05,7.9],"rotation":{"angle":0,"axis":"y","origin":[9.85,16.1,7.7]},"faces":{"north":{"uv":[0,0,1,3],"texture":"#2"},"east":{"uv":[1,2,2,5],"texture":"#2"},"south":{"uv":[3,2,4,5],"texture":"#2"},"west":{"uv":[2,3,3,6],"texture":"#2"},"up":{"uv":[2,1,3,2],"texture":"#2"},"down":{"uv":[2,1,3,2],"texture":"#2"}}},{"from":[8.55,15.2,7.8],"to":[9.05,16,7.9],"rotation":{"angle":0,"axis":"y","origin":[8.8,16.1,7.7]},"faces":{"north":{"uv":[0,0,1,3],"texture":"#2"},"east":{"uv":[1,2,2,5],"texture":"#2"},"south":{"uv":[3,2,4,5],"texture":"#2"},"west":{"uv":[2,3,3,6],"texture":"#2"},"up":{"uv":[2,1,3,2],"texture":"#2"},"down":{"uv":[2,1,3,2],"texture":"#2"}}},{"from":[6.95,15.2,8.1],"to":[7.15,16,8.2],"rotation":{"angle":0,"axis":"y","origin":[7.2,16.1,8]},"faces":{"north":{"uv":[0,0,1,3],"texture":"#2"},"east":{"uv":[1,2,2,5],"texture":"#2"},"south":{"uv":[3,2,4,5],"texture":"#2"},"west":{"uv":[2,3,3,6],"texture":"#2"},"up":{"uv":[2,1,3,2],"texture":"#2"},"down":{"uv":[2,1,3,2],"texture":"#2"}}},{"from":[6.7,15.1,8.1],"to":[6.95,16.05,8.2],"rotation":{"angle":0,"axis":"y","origin":[6.15,16.1,8]},"faces":{"north":{"uv":[2,3,3,6],"texture":"#2"},"east":{"uv":[0,6,1,9],"texture":"#2"},"south":{"uv":[1,2,2,5],"texture":"#2"},"west":{"uv":[2,3,3,6],"texture":"#2"},"up":{"uv":[1,7,2,8],"texture":"#2"},"down":{"uv":[0,9,1,10],"texture":"#2"}}},{"from":[6.45,15.15,8.1],"to":[6.7,16,8.2],"rotation":{"angle":0,"axis":"y","origin":[5.9,16.1,8]},"faces":{"north":{"uv":[0,0,1,3],"texture":"#2"},"east":{"uv":[1,2,2,5],"texture":"#2"},"south":{"uv":[3,2,4,5],"texture":"#2"},"west":{"uv":[2,3,3,6],"texture":"#2"},"up":{"uv":[2,1,3,2],"texture":"#2"},"down":{"uv":[2,1,3,2],"texture":"#2"}}},{"from":[6.2,15.2,8.1],"to":[6.45,15.9,8.2],"rotation":{"angle":0,"axis":"y","origin":[5.65,16,8]},"faces":{"north":{"uv":[0,0,1,3],"texture":"#2"},"east":{"uv":[1,2,2,5],"texture":"#2"},"south":{"uv":[3,2,4,5],"texture":"#2"},"west":{"uv":[2,3,3,6],"texture":"#2"},"up":{"uv":[2,1,3,2],"texture":"#2"},"down":{"uv":[2,1,3,2],"texture":"#2"}}},{"from":[5.95,15.25,8.1],"to":[6.2,15.85,8.2],"rotation":{"angle":0,"axis":"y","origin":[5.4,16,8]},"faces":{"north":{"uv":[3,3,4,6],"texture":"#2"},"east":{"uv":[0,3,1,6],"texture":"#2"},"south":{"uv":[1,2,2,5],"texture":"#2"},"west":{"uv":[3,3,4,6],"texture":"#2"},"up":{"uv":[2,5,3,6],"texture":"#2"},"down":{"uv":[1,3,2,4],"texture":"#2"}}},{"from":[5.7,15.15,8.1],"to":[5.95,15.75,8.2],"rotation":{"angle":0,"axis":"y","origin":[5.15,15.9,8]},"faces":{"north":{"uv":[3,3,4,6],"texture":"#2"},"east":{"uv":[0,3,1,6],"texture":"#2"},"south":{"uv":[1,2,2,5],"texture":"#2"},"west":{"uv":[3,3,4,6],"texture":"#2"},"up":{"uv":[2,5,3,6],"texture":"#2"},"down":{"uv":[1,3,2,4],"texture":"#2"}}},{"from":[5.45,15.05,8.1],"to":[5.7,15.55,8.2],"rotation":{"angle":0,"axis":"y","origin":[4.9,15.8,8]},"faces":{"north":{"uv":[0,0,1,3],"texture":"#2"},"east":{"uv":[1,2,2,5],"texture":"#2"},"south":{"uv":[3,2,4,5],"texture":"#2"},"west":{"uv":[2,3,3,6],"texture":"#2"},"up":{"uv":[2,1,3,2],"texture":"#2"},"down":{"uv":[2,1,3,2],"texture":"#2"}}},{"from":[5.3,14.95,8.1],"to":[5.45,15.45,8.2],"rotation":{"angle":0,"axis":"y","origin":[4.65,15.7,8]},"faces":{"north":{"uv":[2,3,3,6],"texture":"#2"},"east":{"uv":[0,6,1,9],"texture":"#2"},"south":{"uv":[1,2,2,5],"texture":"#2"},"west":{"uv":[2,3,3,6],"texture":"#2"},"up":{"uv":[1,7,2,8],"texture":"#2"},"down":{"uv":[0,9,1,10],"texture":"#2"}}},{"from":[5.25,14.85,8.1],"to":[5.3,15.35,8.2],"rotation":{"angle":0,"axis":"y","origin":[4.5,15.7,8]},"faces":{"north":{"uv":[2,3,3,6],"texture":"#2"},"east":{"uv":[0,6,1,9],"texture":"#2"},"south":{"uv":[1,2,2,5],"texture":"#2"},"west":{"uv":[2,3,3,6],"texture":"#2"},"up":{"uv":[1,7,2,8],"texture":"#2"},"down":{"uv":[0,9,1,10],"texture":"#2"}}},{"from":[6.95,15.1,7.9],"to":[7.15,16.1,8.1],"rotation":{"angle":0,"axis":"y","origin":[6.9,16.1,7.9]},"faces":{"north":{"uv":[1,1,2,4],"texture":"#2"},"east":{"uv":[0,1,1,4],"texture":"#2"},"south":{"uv":[1,1,2,4],"texture":"#2"},"west":{"uv":[0,1,1,4],"texture":"#2"},"up":{"uv":[1,1,1,1],"texture":"#2"},"down":{"uv":[1,3,1,3],"texture":"#2"}}},{"from":[6.7,15,7.9],"to":[6.95,16.15,8.1],"rotation":{"angle":0,"axis":"y","origin":[6.15,16.1,7.9]},"faces":{"north":{"uv":[1,1,2,4],"texture":"#2"},"east":{"uv":[0,1,1,4],"texture":"#2"},"south":{"uv":[1,1,2,4],"texture":"#2"},"west":{"uv":[0,1,1,4],"texture":"#2"},"up":{"uv":[1,1,1,1],"texture":"#2"},"down":{"uv":[1,3,1,3],"texture":"#2"}}},{"from":[6.45,15.05,7.9],"to":[6.7,16.1,8.1],"rotation":{"angle":0,"axis":"y","origin":[5.9,16.1,7.9]},"faces":{"north":{"uv":[1,1,2,4],"texture":"#2"},"east":{"uv":[0,1,1,4],"texture":"#2"},"south":{"uv":[1,1,2,4],"texture":"#2"},"west":{"uv":[0,1,1,4],"texture":"#2"},"up":{"uv":[1,1,1,1],"texture":"#2"},"down":{"uv":[1,3,1,3],"texture":"#2"}}},{"from":[6.2,15.1,7.9],"to":[6.45,16,8.1],"rotation":{"angle":0,"axis":"y","origin":[5.65,16,7.9]},"faces":{"north":{"uv":[1,1,2,4],"texture":"#2"},"east":{"uv":[0,1,1,4],"texture":"#2"},"south":{"uv":[1,1,2,4],"texture":"#2"},"west":{"uv":[0,1,1,4],"texture":"#2"},"up":{"uv":[1,1,1,1],"texture":"#2"},"down":{"uv":[1,3,1,3],"texture":"#2"}}},{"from":[5.95,15.15,7.9],"to":[6.2,15.95,8.1],"rotation":{"angle":0,"axis":"y","origin":[5.4,16,7.9]},"faces":{"north":{"uv":[1,1,2,4],"texture":"#2"},"east":{"uv":[0,1,1,4],"texture":"#2"},"south":{"uv":[1,1,2,4],"texture":"#2"},"west":{"uv":[0,1,1,4],"texture":"#2"},"up":{"uv":[1,1,1,1],"texture":"#2"},"down":{"uv":[1,3,1,3],"texture":"#2"}}},{"from":[5.7,15.05,7.9],"to":[5.95,15.85,8.1],"rotation":{"angle":0,"axis":"y","origin":[5.15,15.9,7.9]},"faces":{"north":{"uv":[1,1,2,4],"texture":"#2"},"east":{"uv":[0,1,1,4],"texture":"#2"},"south":{"uv":[1,1,2,4],"texture":"#2"},"west":{"uv":[0,1,1,4],"texture":"#2"},"up":{"uv":[1,1,1,1],"texture":"#2"},"down":{"uv":[1,3,1,3],"texture":"#2"}}},{"from":[5.45,14.95,7.9],"to":[5.7,15.65,8.1],"rotation":{"angle":0,"axis":"y","origin":[4.9,15.8,7.9]},"faces":{"north":{"uv":[1,1,2,4],"texture":"#2"},"east":{"uv":[0,1,1,4],"texture":"#2"},"south":{"uv":[1,1,2,4],"texture":"#2"},"west":{"uv":[0,1,1,4],"texture":"#2"},"up":{"uv":[1,1,1,1],"texture":"#2"},"down":{"uv":[1,3,1,3],"texture":"#2"}}},{"from":[5.15,14.75,7.9],"to":[5.3,15.45,8.1],"rotation":{"angle":0,"axis":"y","origin":[4.5,15.7,7.9]},"faces":{"north":{"uv":[1,1,2,4],"texture":"#2"},"east":{"uv":[0,1,1,4],"texture":"#2"},"south":{"uv":[1,1,2,4],"texture":"#2"},"west":{"uv":[0,1,1,4],"texture":"#2"},"up":{"uv":[1,1,1,1],"texture":"#2"},"down":{"uv":[1,3,1,3],"texture":"#2"}}},{"from":[5.3,14.85,7.9],"to":[5.45,15.55,8.1],"rotation":{"angle":0,"axis":"y","origin":[4.65,15.7,7.9]},"faces":{"north":{"uv":[1,1,2,4],"texture":"#2"},"east":{"uv":[0,1,1,4],"texture":"#2"},"south":{"uv":[1,1,2,4],"texture":"#2"},"west":{"uv":[0,1,1,4],"texture":"#2"},"up":{"uv":[1,1,1,1],"texture":"#2"},"down":{"uv":[1,3,1,3],"texture":"#2"}}},{"from":[5.25,14.85,7.8],"to":[5.3,15.35,7.9],"rotation":{"angle":0,"axis":"y","origin":[4.5,15.7,7.7]},"faces":{"north":{"uv":[2,3,3,6],"texture":"#2"},"east":{"uv":[0,6,1,9],"texture":"#2"},"south":{"uv":[1,2,2,5],"texture":"#2"},"west":{"uv":[2,3,3,6],"texture":"#2"},"up":{"uv":[1,7,2,8],"texture":"#2"},"down":{"uv":[0,9,1,10],"texture":"#2"}}},{"from":[5.45,15.05,7.8],"to":[5.7,15.55,7.9],"rotation":{"angle":0,"axis":"y","origin":[4.9,15.8,7.7]},"faces":{"north":{"uv":[0,0,1,3],"texture":"#2"},"east":{"uv":[1,2,2,5],"texture":"#2"},"south":{"uv":[3,2,4,5],"texture":"#2"},"west":{"uv":[2,3,3,6],"texture":"#2"},"up":{"uv":[2,1,3,2],"texture":"#2"},"down":{"uv":[2,1,3,2],"texture":"#2"}}},{"from":[5.3,14.95,7.8],"to":[5.45,15.45,7.9],"rotation":{"angle":0,"axis":"y","origin":[4.65,15.7,7.7]},"faces":{"north":{"uv":[3,3,4,6],"texture":"#2"},"east":{"uv":[0,3,1,6],"texture":"#2"},"south":{"uv":[1,2,2,5],"texture":"#2"},"west":{"uv":[3,3,4,6],"texture":"#2"},"up":{"uv":[2,5,3,6],"texture":"#2"},"down":{"uv":[1,3,2,4],"texture":"#2"}}},{"from":[5.7,15.15,7.8],"to":[5.95,15.75,7.9],"rotation":{"angle":0,"axis":"y","origin":[5.15,15.9,7.7]},"faces":{"north":{"uv":[0,0,1,3],"texture":"#2"},"east":{"uv":[1,2,2,5],"texture":"#2"},"south":{"uv":[3,2,4,5],"texture":"#2"},"west":{"uv":[2,3,3,6],"texture":"#2"},"up":{"uv":[2,1,3,2],"texture":"#2"},"down":{"uv":[2,1,3,2],"texture":"#2"}}},{"from":[5.95,15.25,7.8],"to":[6.2,15.85,7.9],"rotation":{"angle":0,"axis":"y","origin":[5.4,16,7.7]},"faces":{"north":{"uv":[2,3,3,6],"texture":"#2"},"east":{"uv":[0,6,1,9],"texture":"#2"},"south":{"uv":[1,2,2,5],"texture":"#2"},"west":{"uv":[2,3,3,6],"texture":"#2"},"up":{"uv":[1,7,2,8],"texture":"#2"},"down":{"uv":[0,9,1,10],"texture":"#2"}}},{"from":[6.2,15.2,7.8],"to":[6.45,15.9,7.9],"rotation":{"angle":0,"axis":"y","origin":[5.65,16,7.7]},"faces":{"north":{"uv":[0,0,1,3],"texture":"#2"},"east":{"uv":[1,2,2,5],"texture":"#2"},"south":{"uv":[3,2,4,5],"texture":"#2"},"west":{"uv":[2,3,3,6],"texture":"#2"},"up":{"uv":[2,1,3,2],"texture":"#2"},"down":{"uv":[2,1,3,2],"texture":"#2"}}},{"from":[6.45,15.15,7.8],"to":[6.7,16,7.9],"rotation":{"angle":0,"axis":"y","origin":[5.9,16.1,7.7]},"faces":{"north":{"uv":[3,3,4,6],"texture":"#2"},"east":{"uv":[0,3,1,6],"texture":"#2"},"south":{"uv":[1,2,2,5],"texture":"#2"},"west":{"uv":[3,3,4,6],"texture":"#2"},"up":{"uv":[2,5,3,6],"texture":"#2"},"down":{"uv":[1,3,2,4],"texture":"#2"}}},{"from":[6.7,15.1,7.8],"to":[6.95,16.05,7.9],"rotation":{"angle":0,"axis":"y","origin":[6.15,16.1,7.7]},"faces":{"north":{"uv":[3,3,4,6],"texture":"#2"},"east":{"uv":[0,3,1,6],"texture":"#2"},"south":{"uv":[1,2,2,5],"texture":"#2"},"west":{"uv":[3,3,4,6],"texture":"#2"},"up":{"uv":[2,5,3,6],"texture":"#2"},"down":{"uv":[1,3,2,4],"texture":"#2"}}},{"from":[6.95,15.2,7.8],"to":[7.45,16,7.9],"rotation":{"angle":0,"axis":"y","origin":[7.2,16.1,7.7]},"faces":{"north":{"uv":[0,0,1,3],"texture":"#2"},"east":{"uv":[1,2,2,5],"texture":"#2"},"south":{"uv":[3,2,4,5],"texture":"#2"},"west":{"uv":[2,3,3,6],"texture":"#2"},"up":{"uv":[2,1,3,2],"texture":"#2"},"down":{"uv":[2,1,3,2],"texture":"#2"}}},{"from":[7.5,16,7],"to":[8.5,16.7,7.45],"rotation":{"angle":0,"axis":"y","origin":[8,16.5,7.35]},"faces":{"north":{"uv":[11,0,14,3],"texture":"#1"},"east":{"uv":[5,0,6,2],"texture":"#1"},"west":{"uv":[7,0,8,2],"texture":"#1"},"up":{"uv":[0,0,1,0.45],"texture":"#missing"},"down":{"uv":[6,0,8,1],"texture":"#1"}}},{"from":[7.6,15.3,7],"to":[8.4,16,7.45],"rotation":{"angle":0,"axis":"y","origin":[8,15.8,7.35]},"faces":{"north":{"uv":[11,2,14,5],"texture":"#1"},"east":{"uv":[7,0,8,2],"texture":"#1"},"west":{"uv":[6,0,7,2],"texture":"#1"},"down":{"uv":[7,0,9,1],"texture":"#1"}}},{"from":[7.25,16.7,6.9],"to":[8.75,17.9,7.45],"rotation":{"angle":0,"axis":"y","origin":[8,18.2,7.35]},"faces":{"north":{"uv":[4,0,9,3],"texture":"#1"},"east":{"uv":[11,0,12,3],"texture":"#1"},"west":{"uv":[9,0,10,3],"texture":"#1"},"up":{"uv":[6,0,9,1],"texture":"#1"},"down":{"uv":[7,0,10,1],"texture":"#1"}}},{"from":[7.55,17.1,6.75],"to":[8.45,17.9,6.9],"rotation":{"angle":0,"axis":"y","origin":[8,18.2,6.8]},"faces":{"north":{"uv":[9,0,12,3],"texture":"#1"},"east":{"uv":[7,0,8,2],"texture":"#1"},"west":{"uv":[10,0,11,2],"texture":"#1"},"up":{"uv":[11,0,14,1],"texture":"#1"},"down":{"uv":[9,0,12,1],"texture":"#1"}}},{"from":[9,17.9,7.2],"to":[9.45,18.35,8.5],"rotation":{"angle":22.5,"axis":"y","origin":[8.75,17.9,8.7]},"faces":{"north":{"uv":[9,2,12,3],"texture":"#1"},"east":{"uv":[9,1,12,2],"texture":"#1"},"south":{"uv":[9,0,12,1],"texture":"#1"},"west":{"uv":[9,1,12,2],"texture":"#1"},"up":{"uv":[9,0,10,3],"texture":"#1"},"down":{"uv":[10,0,11,3],"texture":"#1"}}},{"from":[9.45,16.7,8.3],"to":[9.9,18,8.65],"rotation":{"angle":22.5,"axis":"z","origin":[9.25,16.5,8.3]},"faces":{"north":{"uv":[9,0,10,3],"texture":"#1"},"east":{"uv":[9,0,10,3],"texture":"#1"},"south":{"uv":[10,0,11,3],"texture":"#1"},"west":{"uv":[10,0,11,3],"texture":"#1"},"up":{"uv":[9,0,10,1],"texture":"#1"},"down":{"uv":[10,1,11,2],"texture":"#1"}}},{"from":[6.1,16.7,8.3],"to":[6.55,18,8.65],"rotation":{"angle":-22.5,"axis":"z","origin":[6.75,16.5,8.3]},"faces":{"north":{"uv":[10,0,9,3],"texture":"#1"},"east":{"uv":[11,0,10,3],"texture":"#1"},"south":{"uv":[11,0,10,3],"texture":"#1"},"west":{"uv":[10,0,9,3],"texture":"#1"},"up":{"uv":[10,0,9,1],"texture":"#1"},"down":{"uv":[11,1,10,2],"texture":"#1"}}},{"from":[6.55,17.9,7.2],"to":[7,18.35,8.5],"rotation":{"angle":-22.5,"axis":"y","origin":[7.25,17.9,8.7]},"faces":{"north":{"uv":[11,0,12,1],"texture":"#1"},"east":{"uv":[9,1,12,2],"texture":"#1"},"south":{"uv":[11,1,12,2],"texture":"#1"},"west":{"uv":[9,0,12,1],"texture":"#1"},"up":{"uv":[9,0,10,3],"texture":"#1"},"down":{"uv":[10,0,11,3],"texture":"#1"}}},{"from":[8.35,18.25,6.8],"to":[8.9,18.7,7.3],"rotation":{"angle":-45,"axis":"x","origin":[8.15,18.25,7.6]},"faces":{"north":{"uv":[11,1,12,2],"texture":"#1"},"east":{"uv":[8,0,9,1],"texture":"#1"},"south":{"uv":[6,1,7,2],"texture":"#1"},"west":{"uv":[7,0,8,1],"texture":"#1"},"up":{"uv":[9,0,10,1],"texture":"#1"},"down":{"uv":[10,0,11,1],"texture":"#1"}}},{"from":[8.85,18.25,8.1],"to":[9.3,18.7,8.6],"rotation":{"angle":-45,"axis":"x","origin":[8.6,18.25,8.9]},"faces":{"north":{"uv":[8,0,9,1],"texture":"#1"},"east":{"uv":[8,0,9,1],"texture":"#1"},"south":{"uv":[8,0,9,1],"texture":"#1"},"west":{"uv":[8,0,9,1],"texture":"#1"},"up":{"uv":[8,0,9,1],"texture":"#1"},"down":{"uv":[8,0,9,1],"texture":"#1"}}},{"from":[6.7,18.25,8.1],"to":[7.15,18.7,8.6],"rotation":{"angle":-45,"axis":"x","origin":[7.4,18.25,8.9]},"faces":{"north":{"uv":[9,0,8,1],"texture":"#1"},"east":{"uv":[9,0,8,1],"texture":"#1"},"south":{"uv":[9,0,8,1],"texture":"#1"},"west":{"uv":[9,0,8,1],"texture":"#1"},"up":{"uv":[9,0,8,1],"texture":"#1"},"down":{"uv":[9,0,8,1],"texture":"#1"}}},{"from":[7.1,18.25,6.8],"to":[7.65,18.7,7.3],"rotation":{"angle":-45,"axis":"x","origin":[7.85,18.25,7.6]},"faces":{"north":{"uv":[9,0,10,1],"texture":"#1"},"east":{"uv":[11,0,12,1],"texture":"#1"},"south":{"uv":[9,0,10,1],"texture":"#1"},"west":{"uv":[10,0,11,1],"texture":"#1"},"up":{"uv":[13,0,14,1],"texture":"#1"},"down":{"uv":[11,0,12,1],"texture":"#1"}}},{"from":[6.9,16.5,7.45],"to":[9.1,17.95,7.8],"rotation":{"angle":0,"axis":"y","origin":[8,16.9,7.8]},"faces":{"north":{"uv":[0,4,4,7],"texture":"#1"},"east":{"uv":[4,4,6,7],"texture":"#1"},"south":{"uv":[4,4,5,6],"texture":"#1"},"west":{"uv":[6,4,4,7],"texture":"#1"},"up":{"uv":[0,4,4,5],"texture":"#1"},"down":{"uv":[4,5,6,5],"rotation":90,"texture":"#1"}}},{"from":[7.25,15.2,7.45],"to":[8.75,16.5,7.8],"rotation":{"angle":0,"axis":"y","origin":[8,16.3,7.8]},"faces":{"north":{"uv":[0,4,3,7],"texture":"#1"},"east":{"uv":[4,4,6,7],"texture":"#1"},"west":{"uv":[6,4,4,7],"texture":"#1"},"up":{"uv":[0,0,1.5,0.35],"texture":"#missing"},"down":{"uv":[4,5,6,5],"rotation":90,"texture":"#1"}}},{"from":[7.6,14.5,7.45],"to":[8.4,15.2,7.8],"rotation":{"angle":0,"axis":"y","origin":[8,15,7.8]},"faces":{"north":{"uv":[2,4,4,6],"texture":"#1"},"east":{"uv":[4,5,6,7],"texture":"#1"},"west":{"uv":[6,4,4,6],"texture":"#1"},"up":{"uv":[0,0,0.8,0.35],"texture":"#missing"},"down":{"uv":[4,5,6,5],"rotation":90,"texture":"#1"}}},{"from":[10,16.85,7.55],"to":[10.55,17.95,8.45],"rotation":{"angle":0,"axis":"y","origin":[9.75,18,8]},"faces":{"north":{"uv":[0,0,2,3],"texture":"#1"},"east":{"uv":[1,1,2,2],"texture":"#1"},"south":{"uv":[2,0,0,3],"texture":"#1"},"west":{"uv":[0,1,1,2],"texture":"#1"},"up":{"uv":[0,1,2,3],"texture":"#1"},"down":{"uv":[0,0,2,2],"texture":"#1"}}},{"from":[5.45,16.85,7.55],"to":[6,17.95,8.45],"rotation":{"angle":0,"axis":"y","origin":[5.2,18,8]},"faces":{"north":{"uv":[0,3,2,0],"texture":"#1"},"east":{"uv":[1,2,2,3],"texture":"#1"},"south":{"uv":[0,0,2,3],"texture":"#1"},"west":{"uv":[0,1,1,2],"texture":"#1"},"up":{"uv":[0,0,2,2],"texture":"#1"},"down":{"uv":[0,0,2,2],"texture":"#1"}}},{"from":[10.55,16.55,7.65],"to":[10.85,17.95,8.35],"rotation":{"angle":0,"axis":"y","origin":[10.3,18,8]},"faces":{"north":{"uv":[0,0,1,3],"texture":"#1"},"east":{"uv":[2,0,4,4],"texture":"#1"},"south":{"uv":[0,0,1,3],"texture":"#1"},"west":{"uv":[0,0,2,2],"texture":"#1"},"up":{"uv":[0,0,2,1],"texture":"#1"},"down":{"uv":[0,1,2,2],"texture":"#1"}}},{"from":[5.15,16.55,7.65],"to":[5.45,17.95,8.35],"rotation":{"angle":0,"axis":"y","origin":[4.95,18,8]},"faces":{"north":{"uv":[0,0,1,3],"texture":"#1"},"east":{"uv":[0,0,2,2],"texture":"#1"},"south":{"uv":[0,0,1,3],"texture":"#1"},"west":{"uv":[4,0,2,4],"texture":"#1"},"up":{"uv":[0,1,2,2],"texture":"#1"},"down":{"uv":[0,1,2,2],"texture":"#1"}}},{"from":[10.15,17.85,7.88],"to":[10.4,18.15,8.13],"rotation":{"angle":22.5,"axis":"z","origin":[9.9,18.6,7.6]},"faces":{"north":{"uv":[0,1,1,2],"texture":"#1"},"east":{"uv":[1,2,2,3],"texture":"#1"},"south":{"uv":[1,1,2,2],"texture":"#1"},"west":{"uv":[1,0,2,1],"texture":"#1"},"up":{"uv":[1,2,2,3],"texture":"#1"},"down":{"uv":[1,0,2,1],"texture":"#1"}}},{"from":[5.6,17.85,7.88],"to":[5.85,18.15,8.13],"rotation":{"angle":-22.5,"axis":"z","origin":[6.1,18.6,7.6]},"faces":{"north":{"uv":[0,1,1,2],"texture":"#1"},"east":{"uv":[1,2,2,3],"texture":"#1"},"south":{"uv":[1,1,2,2],"texture":"#1"},"west":{"uv":[1,0,2,1],"texture":"#1"},"up":{"uv":[1,2,2,3],"texture":"#1"},"down":{"uv":[1,0,2,1],"texture":"#1"}}},{"from":[10.1,17.65,7.83],"to":[10.45,17.85,8.18],"rotation":{"angle":22.5,"axis":"z","origin":[9.9,18.6,7.6]},"faces":{"north":{"uv":[0,1,1,2],"texture":"#1"},"east":{"uv":[1,2,2,3],"texture":"#1"},"south":{"uv":[1,1,2,2],"texture":"#1"},"west":{"uv":[1,0,2,1],"texture":"#1"},"up":{"uv":[1,2,2,3],"texture":"#1"},"down":{"uv":[1,0,2,1],"texture":"#1"}}},{"from":[5.55,17.65,7.83],"to":[5.9,17.85,8.18],"rotation":{"angle":-22.5,"axis":"z","origin":[6.1,18.6,7.6]},"faces":{"north":{"uv":[0,1,1,2],"texture":"#1"},"east":{"uv":[1,2,2,3],"texture":"#1"},"south":{"uv":[1,1,2,2],"texture":"#1"},"west":{"uv":[1,0,2,1],"texture":"#1"},"up":{"uv":[1,2,2,3],"texture":"#1"},"down":{"uv":[1,0,2,1],"texture":"#1"}}},{"from":[8.8,16.9,7.6],"to":[10,17.9,8.4],"rotation":{"angle":0,"axis":"y","origin":[9.3,17.9,7.9]},"faces":{"north":{"uv":[3,2,0,4],"texture":"#0"},"south":{"uv":[0,2,3,4],"texture":"#0"},"up":{"uv":[0,4,3,2],"texture":"#0"},"down":{"uv":[0,2,3,4],"texture":"#0"}}},{"from":[6,16.9,7.6],"to":[7.2,17.9,8.4],"rotation":{"angle":0,"axis":"y","origin":[6.4,17.9,7.9]},"faces":{"north":{"uv":[0,2,3,4],"texture":"#0"},"south":{"uv":[0,2,3,4],"texture":"#0"},"up":{"uv":[0,2,3,4],"texture":"#0"},"down":{"uv":[0,2,3,4],"texture":"#0"}}},{"from":[7.6,21.2,7.6],"to":[8.4,21.8,8.4],"rotation":{"angle":0,"axis":"y","origin":[8,22.1,8]},"faces":{"north":{"uv":[0,0,0.8,0.6],"texture":"#0"},"east":{"uv":[2,1,3,2],"texture":"#0"},"south":{"uv":[1,0,2,1],"texture":"#0"},"west":{"uv":[0,0,0.8,0.6],"texture":"#0"},"up":{"uv":[0,0,0.8,0.8],"texture":"#0"},"down":{"uv":[0,0,0.8,0.8],"texture":"#0"}}},{"from":[7.15,14.7,7.85],"to":[8.85,16.1,8.15],"rotation":{"angle":0,"axis":"y","origin":[8,16.1,7.9]},"faces":{"north":{"uv":[2.28571,4.57143,13.71429,6.85714],"texture":"#3"},"east":{"uv":[2,0,3,3],"texture":"#2"},"south":{"uv":[2.28571,4.57143,13.71429,6.85714],"texture":"#3"},"west":{"uv":[0,0,1,3],"texture":"#2"},"up":{"uv":[1,7,4,8],"texture":"#2"}}},{"from":[6.75,14.4,7.85],"to":[9.1,14.7,8.15],"rotation":{"angle":0,"axis":"y","origin":[8.1,14.7,7.9]},"faces":{"north":{"uv":[3,1,13,3],"texture":"#2"},"south":{"uv":[13,1,3,3],"texture":"#2"},"west":{"uv":[9,0,10,1],"texture":"#2"},"up":{"uv":[0,1,6,2],"texture":"#2"},"down":{"uv":[0,1,6,2],"texture":"#2"}}},{"from":[6.95,14.1,7.85],"to":[7.2,14.4,8.15],"rotation":{"angle":0,"axis":"y","origin":[8.15,14.4,7.9]},"faces":{"north":{"uv":[2,4,3,5],"texture":"#2"},"south":{"uv":[9,0,10,1],"texture":"#2"},"west":{"uv":[0,0,1,1],"texture":"#2"},"down":{"uv":[9,0,10,1],"texture":"#2"}}},{"from":[8.8,14.2,7.85],"to":[9.15,14.4,8.15],"rotation":{"angle":0,"axis":"y","origin":[9.9,14.4,7.9]},"faces":{"north":{"uv":[9,0,10,1],"texture":"#2"},"east":{"uv":[9,0,10,1],"texture":"#2"},"south":{"uv":[9,0,10,1],"texture":"#2"},"down":{"uv":[9,0,10,1],"texture":"#2"}}},{"from":[8.8,13.7,7.85],"to":[9.05,14,8.15],"rotation":{"angle":0,"axis":"y","origin":[9.9,14,7.9]},"faces":{"north":{"uv":[9,0,10,1],"texture":"#2"},"east":{"uv":[1,5,2,6],"texture":"#2"},"south":{"uv":[5,3,6,4],"texture":"#2"},"up":{"uv":[1,4,2,5],"texture":"#2"},"down":{"uv":[0,9,1,10],"texture":"#2"}}},{"from":[8.8,12.8,7.85],"to":[9.05,13.1,8.15],"rotation":{"angle":0,"axis":"y","origin":[9.9,13,7.9]},"faces":{"north":{"uv":[9,0,10,1],"texture":"#2"},"east":{"uv":[1,5,2,6],"texture":"#2"},"south":{"uv":[5,3,6,4],"texture":"#2"},"up":{"uv":[1,4,2,5],"texture":"#2"},"down":{"uv":[0,9,1,10],"texture":"#2"}}},{"from":[8.8,12.3,7.85],"to":[9.05,12.6,8.15],"rotation":{"angle":0,"axis":"y","origin":[9.9,12.5,7.9]},"faces":{"north":{"uv":[9,0,10,1],"texture":"#2"},"east":{"uv":[1,5,2,6],"texture":"#2"},"south":{"uv":[5,3,6,4],"texture":"#2"},"up":{"uv":[1,4,2,5],"texture":"#2"},"down":{"uv":[0,9,1,10],"texture":"#2"}}},{"from":[9.1,14.4,7.85],"to":[9.35,14.85,8.15],"rotation":{"angle":0,"axis":"y","origin":[10.2,14.6,7.9]},"faces":{"north":{"uv":[9,0,10,1],"texture":"#2"},"east":{"uv":[9,0,10,1],"texture":"#2"},"south":{"uv":[9,0,10,1],"texture":"#2"},"west":{"uv":[9,0,10,1],"texture":"#2"},"up":{"uv":[9,0,10,1],"texture":"#2"},"down":{"uv":[9,0,10,1],"texture":"#2"}}},{"from":[7.2,12,7.85],"to":[8.8,14.4,8.15],"rotation":{"angle":0,"axis":"y","origin":[8.1,14.4,7.9]},"faces":{"north":{"uv":[2,1,13,16],"texture":"#2"},"east":{"uv":[0,3,1,8],"texture":"#2"},"south":{"uv":[2,1,13,16],"texture":"#2"},"west":{"uv":[1,2,2,7],"texture":"#2"}}},{"from":[7.15,11.1,7.8],"to":[8.85,12,8.2],"rotation":{"angle":0,"axis":"y","origin":[8.1,13.7,7.9]},"faces":{"north":{"uv":[2,4,13,9],"texture":"#2"},"east":{"uv":[0,1,1,5],"texture":"#2"},"south":{"uv":[2,4,13,9],"texture":"#2"},"west":{"uv":[0,1,1,5],"texture":"#2"},"up":{"uv":[2,4,13,5],"texture":"#2"},"down":{"uv":[0,3,2,3],"texture":"#2"}}},{"from":[7.25,4.1,7.85],"to":[8.75,11.1,8.15],"rotation":{"angle":0,"axis":"y","origin":[8.1,6.6,7.9]},"faces":{"north":{"uv":[0,0,16,16],"texture":"#3"},"east":{"uv":[0,0,1,16],"texture":"#3"},"south":{"uv":[0,0,16,16],"texture":"#3"},"west":{"uv":[0,0,1,16],"texture":"#3"},"down":{"uv":[0,0,0,0],"texture":"#2"}}},{"from":[7.35,1.6,7.85],"to":[8.65,4.1,8.15],"rotation":{"angle":0,"axis":"y","origin":[8.1,4.1,7.9]},"faces":{"north":{"uv":[0,2.28571,16,11.42857],"texture":"#3"},"east":{"uv":[0,0,1,9],"texture":"#2"},"south":{"uv":[0,2.28571,16,11.42857],"texture":"#3"},"west":{"uv":[0,0,1,9],"texture":"#2"},"up":{"uv":[0,0,1.3,0.3],"texture":"#missing"},"down":{"uv":[0,1,1,1],"texture":"#2"}}},{"from":[7.55,0.2,7.85],"to":[8.45,1.6,8.15],"rotation":{"angle":0,"axis":"y","origin":[8.1,1.6,7.9]},"faces":{"north":{"uv":[2.28571,6.85714,13.71429,13.71429],"texture":"#3"},"east":{"uv":[0,0,1,7],"texture":"#2"},"south":{"uv":[2.28571,6.85714,13.71429,13.71429],"texture":"#3"},"west":{"uv":[0,0,1,7],"texture":"#2"},"down":{"uv":[0,0,4,1],"texture":"#2"}}},{"from":[7.8,-0.35,7.85],"to":[8.2,0,8.15],"rotation":{"angle":0,"axis":"y","origin":[8.1,0,7.9]},"faces":{"north":{"uv":[0,2,3,7],"texture":"#2"},"east":{"uv":[2,7,3,11],"texture":"#2"},"south":{"uv":[0,1,2,5],"texture":"#2"},"west":{"uv":[1,1,2,5],"texture":"#2"},"down":{"uv":[0,0,2,1],"texture":"#2"}}},{"from":[7.7,0,7.85],"to":[8.3,0.2,8.15],"rotation":{"angle":0,"axis":"y","origin":[8.1,0.35,7.9]},"faces":{"north":{"uv":[0,2,3,7],"texture":"#2"},"east":{"uv":[2,7,3,11],"texture":"#2"},"south":{"uv":[0,1,2,5],"texture":"#2"},"west":{"uv":[1,1,2,5],"texture":"#2"},"down":{"uv":[0,0,2,1],"texture":"#2"}}}]}