{"elements":[{"from":[4.285714,-5.1428576,8.0],"to":[11.714286,10.857143,8.0],"rotation":{"angle":0.0,"axis":"y","origin":[8.0,5.714286,5.285714]},"faces":{"south":{"uv":[0.8125,0.0,1.625,1.75],"rotation":0,"texture":"#0","tintindex":0},"north":{"uv":[0.0,0.0,0.8125,1.75],"rotation":0,"texture":"#0","tintindex":0},"down":{"uv":[0.8125,0.0,0.0,0.0],"rotation":0,"texture":"#0","tintindex":0},"east":{"uv":[0.0,0.0,0.0,1.75],"rotation":0,"texture":"#0","tintindex":0},"west":{"uv":[0.0,0.0,0.0,1.75],"rotation":0,"texture":"#0","tintindex":0},"up":{"uv":[0.8125,0.0,0.0,0.0],"rotation":0,"texture":"#0","tintindex":0}}},{"from":[4.0571427,-5.3714285,7.7714286],"to":[11.942858,11.085714,8.228572],"rotation":{"angle":0.0,"axis":"y","origin":[8.0,5.714286,5.285714]},"faces":{"south":{"uv":[0.0,1.75,0.8125,3.5],"rotation":0,"texture":"#0","tintindex":0},"north":{"uv":[1.625,0.0,2.4375,1.75],"rotation":0,"texture":"#0","tintindex":0},"down":{"uv":[0.8125,0.0,0.0,0.0],"rotation":0,"texture":"#0","tintindex":0},"east":{"uv":[0.0,0.0,0.0,1.75],"rotation":0,"texture":"#0","tintindex":0},"west":{"uv":[0.0,0.0,0.0,1.75],"rotation":0,"texture":"#0","tintindex":0},"up":{"uv":[0.8125,0.0,0.0,0.0],"rotation":0,"texture":"#0","tintindex":0}}}],"textures":{"0":"modelengine:entity/black_nun"},"display":{"head":{"translation":[0.0,-6.4,0.0],"scale":[4.0,4.0,4.0]}}}