{"elements":[{"from":[5.6880913,2.7681484,5.6],"to":[9.345234,8.711006,10.4],"rotation":{"angle":-22.5,"axis":"z","origin":[10.0,6.531514,7.428571]},"faces":{"south":{"uv":[0.4375,3.5,0.8125,4.125],"rotation":0,"texture":"#0","tintindex":0},"north":{"uv":[2.4375,3.0625,2.8125,3.6875],"rotation":0,"texture":"#0","tintindex":0},"down":{"uv":[6.875,0.875,6.5,1.375],"rotation":0,"texture":"#0","tintindex":0},"east":{"uv":[1.9375,4.375,2.4375,5.0],"rotation":0,"texture":"#0","tintindex":0},"west":{"uv":[0.625,5.3125,1.125,5.9375],"rotation":0,"texture":"#0","tintindex":0},"up":{"uv":[0.8125,4.625,0.4375,4.125],"rotation":0,"texture":"#0","tintindex":0}}},{"from":[5.45952,2.5395765,5.3714285],"to":[9.573806,8.939577,10.6285715],"rotation":{"angle":-22.5,"axis":"z","origin":[10.0,6.531514,7.428571]},"faces":{"south":{"uv":[5.125,6.3125,5.5,6.9375],"rotation":0,"texture":"#0","tintindex":0},"north":{"uv":[4.75,6.3125,5.125,6.9375],"rotation":0,"texture":"#0","tintindex":0},"down":{"uv":[6.9375,5.3125,6.5625,5.8125],"rotation":0,"texture":"#0","tintindex":0},"east":{"uv":[5.5625,5.125,6.0625,5.75],"rotation":0,"texture":"#0","tintindex":0},"west":{"uv":[1.125,5.6875,1.625,6.3125],"rotation":0,"texture":"#0","tintindex":0},"up":{"uv":[6.9375,5.3125,6.5625,4.8125],"rotation":0,"texture":"#0","tintindex":0}}}],"textures":{"0":"modelengine:entity/black_nun"},"display":{"head":{"translation":[0.0,-6.4,0.0],"scale":[4.0,4.0,4.0]}}}