{"elements":[{"from":[7.142857,4.0,7.142857],"to":[8.857143,5.714286,8.857143],"rotation":{"angle":0.0,"axis":"y","origin":[10.0,21.714287,7.714286]},"faces":{"south":{"uv":[7.8125,3.75,8.0,3.9375],"rotation":0,"texture":"#0","tintindex":0},"north":{"uv":[7.8125,3.5625,8.0,3.75],"rotation":0,"texture":"#0","tintindex":0},"down":{"uv":[5.375,7.8125,5.1875,8.0],"rotation":0,"texture":"#0","tintindex":0},"east":{"uv":[3.75,7.8125,3.9375,8.0],"rotation":0,"texture":"#0","tintindex":0},"west":{"uv":[7.8125,3.9375,8.0,4.125],"rotation":0,"texture":"#0","tintindex":0},"up":{"uv":[8.0,4.4375,7.8125,4.25],"rotation":0,"texture":"#0","tintindex":0}}},{"from":[7.142857,2.2857141,5.714286],"to":[8.857143,4.0,9.142858],"rotation":{"angle":0.0,"axis":"y","origin":[10.0,21.714287,7.714286]},"faces":{"south":{"uv":[5.5625,7.8125,5.75,8.0],"rotation":0,"texture":"#0","tintindex":0},"north":{"uv":[5.375,7.8125,5.5625,8.0],"rotation":0,"texture":"#0","tintindex":0},"down":{"uv":[7.6875,0.5625,7.5,0.9375],"rotation":0,"texture":"#0","tintindex":0},"east":{"uv":[6.5625,7.4375,6.9375,7.625],"rotation":0,"texture":"#0","tintindex":0},"west":{"uv":[6.9375,7.4375,7.3125,7.625],"rotation":0,"texture":"#0","tintindex":0},"up":{"uv":[7.625,7.5,7.4375,7.125],"rotation":0,"texture":"#0","tintindex":0}}},{"from":[6.9142857,3.771428,6.9142857],"to":[9.085714,5.942857,9.085714],"rotation":{"angle":0.0,"axis":"y","origin":[10.0,21.714287,7.714286]},"faces":{"south":{"uv":[7.875,7.0,8.0625,7.1875],"rotation":0,"texture":"#0","tintindex":0},"north":{"uv":[7.875,4.625,8.0625,4.8125],"rotation":0,"texture":"#0","tintindex":0},"down":{"uv":[8.0,7.875,7.8125,8.0625],"rotation":0,"texture":"#0","tintindex":0},"east":{"uv":[7.875,5.25,8.0625,5.4375],"rotation":0,"texture":"#0","tintindex":0},"west":{"uv":[7.875,7.1875,8.0625,7.375],"rotation":0,"texture":"#0","tintindex":0},"up":{"uv":[8.0625,7.5625,7.875,7.375],"rotation":0,"texture":"#0","tintindex":0}}},{"from":[6.9142857,2.0571427,5.485714],"to":[9.085714,4.2285714,9.3714285],"rotation":{"angle":0.0,"axis":"y","origin":[10.0,21.714287,7.714286]},"faces":{"south":{"uv":[0.375,7.9375,0.5625,8.125],"rotation":0,"texture":"#0","tintindex":0},"north":{"uv":[0.1875,7.9375,0.375,8.125],"rotation":0,"texture":"#0","tintindex":0},"down":{"uv":[4.6875,7.5,4.5,7.875],"rotation":0,"texture":"#0","tintindex":0},"east":{"uv":[7.5,3.0,7.875,3.1875],"rotation":0,"texture":"#0","tintindex":0},"west":{"uv":[4.125,7.5,4.5,7.6875],"rotation":0,"texture":"#0","tintindex":0},"up":{"uv":[7.6875,4.625,7.5,4.25],"rotation":0,"texture":"#0","tintindex":0}}}],"textures":{"0":"modelengine:entity/black_nun"},"display":{"head":{"translation":[0.0,-6.4,0.0],"scale":[4.0,4.0,4.0]}}}