{"texture_size":[64,64],"textures":{"1":"tusaworld:item/candy_axe"},"elements":[{"from":[7.5,0.75,7.5],"to":[8.5,29,8.5],"rotation":{"angle":45,"axis":"y","origin":[8,8.25,8]},"faces":{"north":{"uv":[0,3.25,0.25,10.25],"texture":"#1"},"east":{"uv":[0.25,3.25,0.5,10.25],"texture":"#1"},"south":{"uv":[0.5,3.25,0.75,10.25],"texture":"#1"},"west":{"uv":[0.75,3.25,1,10.25],"texture":"#1"},"up":{"uv":[5,5.5,4.75,5.25],"texture":"#1"},"down":{"uv":[5.5,4.75,5.25,5],"texture":"#1"}}},{"from":[7.5,0.25,7.25],"to":[8.5,1.25,8.75],"rotation":{"angle":-45,"axis":"z","origin":[8,0.75,8]},"faces":{"north":{"uv":[5,5.25,5.25,5.5],"texture":"#1"},"east":{"uv":[3.5,4,4,4.25],"texture":"#1"},"south":{"uv":[5.25,5,5.5,5.25],"texture":"#1"},"west":{"uv":[3,5,3.5,5.25],"texture":"#1"},"up":{"uv":[5.25,3.75,5,3.25],"texture":"#1"},"down":{"uv":[5.25,3.75,5,4.25],"texture":"#1"}}},{"from":[7.25,1.25,7.25],"to":[8.75,5.25,8.75],"rotation":{"angle":45,"axis":"y","origin":[8,8.75,8]},"faces":{"north":{"uv":[2,4,2.5,5],"texture":"#1"},"east":{"uv":[2.5,4,3,5],"texture":"#1"},"south":{"uv":[3,4,3.5,5],"texture":"#1"},"west":{"uv":[4,3.25,4.5,4.25],"texture":"#1"},"up":{"uv":[5,3.75,4.5,3.25],"texture":"#1"},"down":{"uv":[5,3.75,4.5,4.25],"texture":"#1"}}},{"from":[7.4,5.65,7.4],"to":[8.6,21.85,8.6],"rotation":{"angle":45,"axis":"y","origin":[8,8.25,8]},"faces":{"north":{"uv":[1,3.25,1.25,7.25],"texture":"#1"},"east":{"uv":[1.25,3.25,1.5,7.25],"texture":"#1"},"south":{"uv":[1.5,3.25,1.75,7.25],"texture":"#1"},"west":{"uv":[1.75,3.25,2,7.25],"texture":"#1"},"up":{"uv":[5.5,5.5,5.25,5.25],"texture":"#1"},"down":{"uv":[5.75,0,5.5,0.25],"texture":"#1"}}},{"from":[7.5,24,6.5],"to":[8.5,27,10.5],"rotation":{"angle":0,"axis":"y","origin":[8,25.5,8]},"faces":{"north":{"uv":[2,5,2.25,5.75],"texture":"#1"},"east":{"uv":[2,3.25,3,4],"texture":"#1"},"south":{"uv":[2.25,5,2.5,5.75],"texture":"#1"},"west":{"uv":[3,3.25,4,4],"texture":"#1"},"up":{"uv":[3.75,5.75,3.5,4.75],"texture":"#1"},"down":{"uv":[4,4.75,3.75,5.75],"texture":"#1"}}},{"from":[8,18.75,-1.5],"to":[8,31.75,9.5],"rotation":{"angle":-22.5,"axis":"x","origin":[8,26.25,5]},"faces":{"north":{"uv":[0,0,0,3.25],"texture":"#1"},"east":{"uv":[0,0,2.75,3.25],"texture":"#1"},"south":{"uv":[0,0,0,3.25],"texture":"#1"},"west":{"uv":[2.75,0,5.5,3.25],"texture":"#1"},"up":{"uv":[0,2.75,0,0],"texture":"#1"},"down":{"uv":[0,0,0,2.75],"texture":"#1"}}},{"from":[7.505,24.69844,10.0462],"to":[8.495,26.68844,13.0362],"rotation":{"angle":22.5,"axis":"x","origin":[8,25.69344,11.0412]},"faces":{"north":{"uv":[5,4.25,5.25,4.75],"texture":"#1"},"east":{"uv":[3.5,4.25,4.25,4.75],"texture":"#1"},"south":{"uv":[5,4.75,5.25,5.25],"texture":"#1"},"west":{"uv":[4.25,4.25,5,4.75],"texture":"#1"},"up":{"uv":[2.75,5.75,2.5,5],"texture":"#1"},"down":{"uv":[3,5,2.75,5.75],"texture":"#1"}}},{"from":[7.755,23.69844,13.0462],"to":[8.245,25.68844,14.0362],"rotation":{"angle":22.5,"axis":"x","origin":[8,25.69344,11.0412]},"faces":{"north":{"uv":[3,5.25,3.25,5.75],"texture":"#1"},"east":{"uv":[3.25,5.25,3.5,5.75],"texture":"#1"},"south":{"uv":[5.25,3.25,5.5,3.75],"texture":"#1"},"west":{"uv":[5.25,3.75,5.5,4.25],"texture":"#1"},"up":{"uv":[5.75,0.5,5.5,0.25],"texture":"#1"},"down":{"uv":[5.75,0.5,5.5,0.75],"texture":"#1"}}},{"from":[7.755,23.69844,10.0462],"to":[8.245,25.68844,12.0362],"rotation":{"angle":22.5,"axis":"x","origin":[8,25.69344,11.0412]},"faces":{"north":{"uv":[4,5.25,4.25,5.75],"texture":"#1"},"east":{"uv":[4,4.75,4.5,5.25],"texture":"#1"},"south":{"uv":[4.25,5.25,4.5,5.75],"texture":"#1"},"west":{"uv":[4.5,4.75,5,5.25],"texture":"#1"},"up":{"uv":[5.5,4.75,5.25,4.25],"texture":"#1"},"down":{"uv":[4.75,5.25,4.5,5.75],"texture":"#1"}}}],"display":{"firstperson_righthand":{"translation":[1,7.75,0],"scale":[0.63,0.63,0.63]},"firstperson_lefthand":{"translation":[1,-1.75,0],"scale":[0.63,0.63,0.63]},"ground":{"rotation":[63,0,0],"scale":[0.48,0.48,0.48]},"gui":{"rotation":[45,225,45],"translation":[-2.25,-2.5,0],"scale":[0.4,0.4,0.4]},"fixed":{"rotation":[0,90,0],"translation":[0,-4.75,0],"scale":[0.62,0.62,0.62]}}}