{"parent":"minecraft:item/generated","textures":{"layer0":"minecraft:item/structure_void"},"overrides":[{"predicate":{},"model":"tusaworld:item/empty"},{"predicate":{"custom_model_data":10001},"model":"tusaworld:item/info"},{"predicate":{"custom_model_data":10002},"model":"tusaworld:item/left"},{"predicate":{"custom_model_data":10003},"model":"tusaworld:item/right"},{"predicate":{"custom_model_data":10004},"model":"tusaworld:item/home"},{"predicate":{"custom_model_data":10005},"model":"tusaworld:item/refresh"},{"predicate":{"custom_model_data":10006},"model":"tusaworld:item/sort"},{"predicate":{"custom_model_data":10007},"model":"tusaworld:item/cat"},{"predicate":{"custom_model_data":10100},"model":"tusaworld:item/allgrief"},{"predicate":{"custom_model_data":10101},"model":"tusaworld:item/pve"},{"predicate":{"custom_model_data":10102},"model":"tusaworld:item/season"},{"predicate":{"custom_model_data":10103},"model":"tusaworld:item/spawner"},{"predicate":{"custom_model_data":10104},"model":"tusaworld:item/sphere"},{"predicate":{"custom_model_data":10105},"model":"tusaworld:item/kit"},{"predicate":{"custom_model_data":10106},"model":"tusaworld:item/booster"},{"predicate":{"custom_model_data":10107},"model":"tusaworld:item/mage"},{"predicate":{"custom_model_data":10108},"model":"tusaworld:item/trident"},{"predicate":{"custom_model_data":10109},"model":"tusaworld:item/aura"},{"predicate":{"custom_model_data":10110},"model":"tusaworld:item/potion"},{"predicate":{"custom_model_data":10111},"model":"tusaworld:item/ec"}]}