{"elements":[{"from":[5.714286,8.571428,5.142857],"to":[10.285714,13.142858,9.714286],"rotation":{"angle":0.0,"axis":"y","origin":[8.0,10.857143,7.428571]},"faces":{"south":{"uv":[3.0,5.9375,3.5,6.4375],"rotation":0,"texture":"#0","tintindex":0},"north":{"uv":[0.625,5.9375,1.125,6.4375],"rotation":0,"texture":"#0","tintindex":0},"down":{"uv":[6.5,0.625,6.0,1.125],"rotation":0,"texture":"#0","tintindex":0},"east":{"uv":[5.9375,1.9375,6.4375,2.4375],"rotation":0,"texture":"#0","tintindex":0},"west":{"uv":[3.5,5.9375,4.0,6.4375],"rotation":0,"texture":"#0","tintindex":0},"up":{"uv":[6.4375,4.875,5.9375,4.375],"rotation":0,"texture":"#0","tintindex":0}}},{"from":[6.0,12.77132,4.8571424],"to":[10.0,13.914177,11.142858],"rotation":{"angle":0.0,"axis":"y","origin":[8.0,11.761943,8.0]},"faces":{"south":{"uv":[7.5,5.125,7.9375,5.25],"rotation":0,"texture":"#0","tintindex":0},"north":{"uv":[6.0625,0.5,6.5,0.625],"rotation":0,"texture":"#0","tintindex":0},"down":{"uv":[3.0,5.875,2.5625,6.5625],"rotation":0,"texture":"#0","tintindex":0},"east":{"uv":[7.1875,7.0,7.875,7.125],"rotation":0,"texture":"#0","tintindex":0},"west":{"uv":[7.3125,5.9375,8.0,6.0625],"rotation":0,"texture":"#0","tintindex":0},"up":{"uv":[2.5625,6.5625,2.125,5.875],"rotation":0,"texture":"#0","tintindex":0}}},{"from":[5.1857595,7.270697,4.742857],"to":[10.900045,12.984983,11.028572],"rotation":{"angle":-22.5,"axis":"z","origin":[7.857143,11.761943,8.0]},"faces":{"south":{"uv":[5.25,3.875,5.875,4.5],"rotation":0,"texture":"#0","tintindex":0},"north":{"uv":[5.25,2.625,5.875,3.25],"rotation":0,"texture":"#0","tintindex":0},"down":{"uv":[5.25,3.9375,4.625,4.625],"rotation":0,"texture":"#0","tintindex":0},"east":{"uv":[1.25,4.375,1.9375,5.0],"rotation":0,"texture":"#0","tintindex":0},"west":{"uv":[4.5625,2.625,5.25,3.25],"rotation":0,"texture":"#0","tintindex":0},"up":{"uv":[5.1875,3.9375,4.5625,3.25],"rotation":0,"texture":"#0","tintindex":0}}},{"from":[5.099954,7.270697,4.8],"to":[10.81424,12.984983,11.085714],"rotation":{"angle":22.5,"axis":"z","origin":[8.142858,11.761943,8.0]},"faces":{"south":{"uv":[4.9375,5.25,5.5625,5.875],"rotation":0,"texture":"#0","tintindex":0},"north":{"uv":[4.3125,5.25,4.9375,5.875],"rotation":0,"texture":"#0","tintindex":0},"down":{"uv":[5.4375,0.0,4.8125,0.6875],"rotation":0,"texture":"#0","tintindex":0},"east":{"uv":[4.625,4.625,5.3125,5.25],"rotation":0,"texture":"#0","tintindex":0},"west":{"uv":[0.4375,4.6875,1.125,5.3125],"rotation":0,"texture":"#0","tintindex":0},"up":{"uv":[5.375,2.0,4.75,1.3125],"rotation":0,"texture":"#0","tintindex":0}}},{"from":[5.485714,8.342857,4.9142857],"to":[10.514286,13.3714285,9.942858],"rotation":{"angle":0.0,"axis":"y","origin":[8.0,10.857143,7.428571]},"faces":{"south":{"uv":[6.0625,5.875,6.5625,6.375],"rotation":0,"texture":"#0","tintindex":0},"north":{"uv":[6.0625,4.875,6.5625,5.375],"rotation":0,"texture":"#0","tintindex":0},"down":{"uv":[6.8125,2.4375,6.3125,2.9375],"rotation":0,"texture":"#0","tintindex":0},"east":{"uv":[6.0625,5.375,6.5625,5.875],"rotation":0,"texture":"#0","tintindex":0},"west":{"uv":[1.125,6.3125,1.625,6.8125],"rotation":0,"texture":"#0","tintindex":0},"up":{"uv":[2.125,6.8125,1.625,6.3125],"rotation":0,"texture":"#0","tintindex":0}}},{"from":[5.771428,12.542749,4.6285715],"to":[10.228572,14.142749,11.3714285],"rotation":{"angle":0.0,"axis":"y","origin":[8.0,11.761943,8.0]},"faces":{"south":{"uv":[7.625,1.5,8.0625,1.625],"rotation":0,"texture":"#0","tintindex":0},"north":{"uv":[7.5,6.875,7.9375,7.0],"rotation":0,"texture":"#0","tintindex":0},"down":{"uv":[6.3125,3.25,5.875,3.9375],"rotation":0,"texture":"#0","tintindex":0},"east":{"uv":[7.375,4.125,8.0625,4.25],"rotation":0,"texture":"#0","tintindex":0},"west":{"uv":[7.4375,1.75,8.125,1.875],"rotation":0,"texture":"#0","tintindex":0},"up":{"uv":[6.3125,3.25,5.875,2.5625],"rotation":0,"texture":"#0","tintindex":0}}},{"from":[5.100045,7.0421257,4.5142856],"to":[11.271475,13.213554,11.257143],"rotation":{"angle":-22.5,"axis":"z","origin":[8.0,11.761943,8.0]},"faces":{"south":{"uv":[5.3125,4.5,5.9375,5.125],"rotation":0,"texture":"#0","tintindex":0},"north":{"uv":[0.0,5.3125,0.625,5.9375],"rotation":0,"texture":"#0","tintindex":0},"down":{"uv":[2.375,5.0,1.75,5.6875],"rotation":0,"texture":"#0","tintindex":0},"east":{"uv":[4.75,2.0,5.4375,2.625],"rotation":0,"texture":"#0","tintindex":0},"west":{"uv":[4.8125,0.6875,5.5,1.3125],"rotation":0,"texture":"#0","tintindex":0},"up":{"uv":[1.75,5.6875,1.125,5.0],"rotation":0,"texture":"#0","tintindex":0}}},{"from":[4.7285256,7.0421257,4.5142856],"to":[10.899955,13.213554,11.257143],"rotation":{"angle":22.5,"axis":"z","origin":[8.0,11.761943,8.0]},"faces":{"south":{"uv":[5.4375,0.0,6.0625,0.625],"rotation":0,"texture":"#0","tintindex":0},"north":{"uv":[5.375,1.3125,6.0,1.9375],"rotation":0,"texture":"#0","tintindex":0},"down":{"uv":[4.3125,5.25,3.6875,5.9375],"rotation":0,"texture":"#0","tintindex":0},"east":{"uv":[5.1875,3.25,5.875,3.875],"rotation":0,"texture":"#0","tintindex":0},"west":{"uv":[2.375,5.25,3.0625,5.875],"rotation":0,"texture":"#0","tintindex":0},"up":{"uv":[3.6875,5.9375,3.0625,5.25],"rotation":0,"texture":"#0","tintindex":0}}},{"from":[6.857143,6.857143,4.0],"to":[9.142858,8.0,5.142857],"rotation":{"angle":-22.5,"axis":"x","origin":[8.0,7.428571,4.5714283]},"faces":{"south":{"uv":[5.3125,5.125,5.5625,5.25],"rotation":0,"texture":"#0","tintindex":0},"north":{"uv":[2.4375,1.625,2.6875,1.75],"rotation":0,"texture":"#0","tintindex":0},"down":{"uv":[7.1875,2.3125,6.9375,2.4375],"rotation":0,"texture":"#0","tintindex":0},"east":{"uv":[2.6875,1.625,2.8125,1.75],"rotation":0,"texture":"#0","tintindex":0},"west":{"uv":[6.1875,2.4375,6.3125,2.5625],"rotation":0,"texture":"#0","tintindex":0},"up":{"uv":[6.1875,2.5625,5.9375,2.4375],"rotation":0,"texture":"#0","tintindex":0}}}],"textures":{"0":"modelengine:entity/black_nun"},"display":{"head":{"translation":[0.0,-6.4,0.0],"scale":[4.0,4.0,4.0]}}}